,No.overall,No. inseason,Directed by,viewers(millions),story_writer,teleplay_writer,season,Penny,Howard,Sheldon,Leonard,Raj,Bernadette,Amy,Ave_length,imdb_rating_count,imdb_rating
0,1,1,James Burrows,9.52,collaboration,collaboration,1,61.0,18.0,104.0,125.0,3.0,0.0,0.0,10.049853372434018,5553,8.3
1,2,2,Mark Cendrowski,8.58, Chuck Lorre & Bill Prady, Chuck Lorre & Bill Prady,1,48.0,20.0,71.0,86.0,11.0,0.0,0.0,12.942084942084943,4428,8.3
2,3,3,Mark Cendrowski,8.36, Chuck Lorre, Chuck Lorre,1,39.0,25.0,49.0,106.0,10.0,0.0,0.0,12.354716981132075,3920,7.8
3,4,4,Mark Cendrowski,8.15, Chuck Lorre & Bill Prady, Chuck Lorre & Bill Prady,1,31.0,6.0,87.0,47.0,2.0,0.0,0.0,12.959514170040485,3971,8.2
4,5,5,Andrew D. Weyman,8.81, Jennifer Glickman, Jennifer Glickman,1,38.0,11.0,57.0,70.0,6.0,0.0,0.0,12.096234309623432,3756,8.0
5,6,6,Mark Cendrowski,8.92, Dave Goetsch, Dave Goetsch,1,47.0,22.0,67.0,77.0,10.0,0.0,0.0,11.348484848484848,3924,8.5
6,7,7,Mark Cendrowski,9.68, Chuck Lorre & Bill Prady, Chuck Lorre & Bill Prady,1,59.0,40.0,77.0,69.0,16.0,0.0,0.0,11.682432432432432,3685,8.2
7,8,8,Ted Wass,9.32, Dave Goetsch & Steven Molaro, Dave Goetsch & Steven Molaro,1,28.0,22.0,52.0,41.0,65.0,0.0,0.0,12.003649635036496,3713,8.3
8,9,9,Joel Murray,9.11, Bill Prady & Stephen Engel, Bill Prady & Stephen Engel,1,59.0,18.0,61.0,75.0,5.0,0.0,0.0,12.96234309623431,3580,8.1
9,10,10,Mark Cendrowski,8.63, Chuck Lorre, Chuck Lorre,1,36.0,11.0,77.0,81.0,4.0,0.0,0.0,13.3625,3662,8.1
10,11,11,Mark Cendrowski,8.68, Chuck Lorre & Lee Aronsohn, Chuck Lorre & Lee Aronsohn,1,47.0,43.0,73.0,74.0,9.0,0.0,0.0,11.049242424242424,3652,8.3
11,12,12,Mark Cendrowski,7.69, Jennifer Glickman & Stephen Engel, Jennifer Glickman & Stephen Engel,1,8.0,39.0,65.0,55.0,23.0,0.0,0.0,13.398373983739837,3467,8.0
12,13,13,Mark Cendrowski,7.51, Stephen Engel & Jennifer Glickman, Stephen Engel & Jennifer Glickman,1,28.0,34.0,67.0,69.0,17.0,0.0,0.0,11.553956834532373,3563,8.4
13,14,14,Mark Cendrowski,8.07, Bill Prady, Bill Prady,1,29.0,26.0,59.0,76.0,41.0,0.0,0.0,13.475609756097562,3509,8.1
14,15,15,Mark Cendrowski,7.38, Chuck Lorre, Chuck Lorre,1,17.0,37.0,58.0,57.0,21.0,0.0,0.0,12.474509803921569,3700,8.3
15,16,16,Mark Cendrowski,7.79, Bill Prady & Lee Aronsohn, Bill Prady & Lee Aronsohn,1,69.0,59.0,52.0,38.0,4.0,0.0,0.0,13.592156862745098,3489,8.4
16,17,17,Mark Cendrowski,7.34, Chuck Lorre & Bill Prady, Chuck Lorre & Bill Prady,1,70.0,14.0,57.0,71.0,5.0,0.0,0.0,13.584415584415584,3655,8.6
17,18,1,Mark Cendrowski,9.36, Bill Prady, Bill Prady,2,45.0,30.0,75.0,62.0,23.0,0.0,0.0,12.657370517928287,3573,8.3
18,19,2,Mark Cendrowski,8.76, Chuck Lorre, Chuck Lorre,2,38.0,15.0,76.0,66.0,13.0,0.0,0.0,11.901515151515152,3279,8.1
19,20,3,Mark Cendrowski,9.33, Nicole Lorre, Nicole Lorre,2,70.0,9.0,84.0,38.0,6.0,0.0,0.0,12.745019920318725,3813,8.8
20,21,4,Mark Cendrowski,9.36, Bill Prady & Chuck Lorre, Bill Prady & Chuck Lorre,2,30.0,35.0,55.0,63.0,56.0,0.0,0.0,12.025735294117647,3300,8.0
21,22,5,Mark Cendrowski,9.28, Bill Prady & Steven Molaro, Bill Prady & Steven Molaro,2,36.0,18.0,90.0,45.0,7.0,0.0,0.0,11.241803278688524,3381,8.4
22,23,6,Mark Cendrowski,9.67, Stephen Engel & Daley Haggar, Stephen Engel & Daley Haggar,2,32.0,12.0,74.0,48.0,5.0,0.0,0.0,10.725563909774436,3402,8.3
23,24,7,Mark Cendrowski,10.01, Bill Prady & Tim Doyle, Bill Prady & Tim Doyle,2,74.0,41.0,67.0,61.0,14.0,0.0,0.0,10.316725978647687,3607,8.7
24,25,8,Mark Cendrowski,9.76, Bill Prady, Bill Prady,2,20.0,50.0,45.0,67.0,18.0,0.0,0.0,11.079051383399209,3256,8.2
25,26,9,Mark Cendrowski,10.19, Dave Goetsch & Steven Molaro, Dave Goetsch & Steven Molaro,2,35.0,10.0,85.0,49.0,8.0,0.0,0.0,11.731601731601732,3224,8.2
26,27,10,Mark Cendrowski,10.8, Chuck Lorre & Steven Molaro, Chuck Lorre & Steven Molaro,2,45.0,11.0,33.0,83.0,6.0,0.0,0.0,10.941666666666666,3150,7.8
27,28,11,Mark Cendrowski,11.42, Bill Prady & Richard Rosenstock, Bill Prady & Richard Rosenstock,2,50.0,27.0,40.0,60.0,11.0,0.0,0.0,11.55,5400,9.2
28,29,12,Mark Cendrowski,11.81, Bill Prady & Richard Rosenstock, Bill Prady & Richard Rosenstock,2,47.0,50.0,30.0,43.0,21.0,0.0,0.0,12.396475770925111,3168,8.0
29,30,13,Mark Cendrowski,11.1, Bill Prady & Richard Rosenstock, Bill Prady & Richard Rosenstock,2,19.0,19.0,76.0,43.0,10.0,0.0,0.0,13.470319634703197,3179,8.1
30,31,14,Mark Cendrowski,10.89, Chuck Lorre & Steven Molaro, Chuck Lorre & Steven Molaro,2,66.0,19.0,58.0,81.0,15.0,0.0,0.0,11.49433962264151,3130,8.1
31,32,15,Mark Cendrowski,13.11, Chuck Lorre & Bill Prady, Chuck Lorre & Bill Prady,2,47.0,16.0,29.0,64.0,6.0,0.0,0.0,11.444444444444445,3822,8.9
32,33,16,Mark Cendrowski,10.94, Chuck Lorre, Chuck Lorre,2,36.0,63.0,47.0,62.0,8.0,0.0,0.0,10.555984555984557,3159,8.2
33,34,17,Mark Cendrowski,9.46, Bill Prady & Dave Goetsch, Bill Prady & Dave Goetsch,2,25.0,36.0,61.0,52.0,22.0,0.0,0.0,14.09375,3451,8.2
34,35,18,Peter Chakos,9.76, Bill Prady & Lee Aronsohn, Bill Prady & Lee Aronsohn,2,77.0,25.0,73.0,41.0,8.0,0.0,0.0,11.650205761316872,3170,8.2
35,36,19,Mark Cendrowski,9.77,collaboration,collaboration,2,68.0,22.0,56.0,38.0,4.0,0.0,0.0,11.213438735177865,3210,8.2
36,37,20,Mark Cendrowski,10.13,collaboration,collaboration,2,32.0,42.0,51.0,49.0,16.0,0.0,0.0,11.774058577405858,3074,8.0
37,38,21,Mark Cendrowski,9.31, Jessica Ambrosetti & Nicole Lorre & Andrew Roth, Jessica Ambrosetti & Nicole Lorre & Andrew Roth,2,45.0,30.0,59.0,46.0,39.0,0.0,0.0,10.357692307692307,3338,8.6
38,39,22,Mark Cendrowski,9.25, Chuck Lorre & Lee Aronsohn, Chuck Lorre & Lee Aronsohn,2,19.0,35.0,33.0,67.0,21.0,0.0,0.0,11.521739130434783,3043,8.3
39,40,23,Mark Cendrowski,9.81,collaboration,collaboration,2,32.0,27.0,82.0,73.0,18.0,0.0,0.0,11.801556420233464,3140,8.3
40,41,1,Mark Cendrowski,12.96,collaboration,collaboration,3,35.0,29.0,50.0,51.0,18.0,0.0,0.0,13.552631578947368,3401,8.4
41,42,2,Mark Cendrowski,13.27,collaboration,collaboration,3,31.0,36.0,63.0,45.0,30.0,0.0,0.0,12.217021276595744,3078,7.9
42,43,3,Mark Cendrowski,12.52, Lee Aronsohn & Richard Rosenstock, Lee Aronsohn & Richard Rosenstock,3,34.0,52.0,46.0,38.0,38.0,0.0,0.0,10.296875,3154,8.2
43,44,4,Mark Cendrowski,13.07,collaboration,collaboration,3,27.0,34.0,67.0,32.0,72.0,0.0,0.0,11.577946768060837,3082,8.1
44,45,5,Mark Cendrowski,13.47, Chuck Lorre & Bill Prady, Chuck Lorre & Bill Prady,3,26.0,46.0,46.0,38.0,29.0,21.0,0.0,11.8,3147,8.4
45,46,6,Mark Cendrowski,12.73, Bill Prady & Steven Molaro, Bill Prady & Steven Molaro,3,32.0,36.0,39.0,67.0,40.0,0.0,0.0,12.420600858369099,2953,7.6
46,47,7,Mark Cendrowski,12.79, Chuck Lorre & Lee Aronsohn, Chuck Lorre & Lee Aronsohn,3,70.0,21.0,61.0,59.0,14.0,0.0,0.0,13.39453125,2968,7.9
47,48,8,Mark Cendrowski,13.23, Chuck Lorre & Bill Prady & Dave Goetsch, Chuck Lorre & Bill Prady & Dave Goetsch,3,59.0,31.0,63.0,26.0,30.0,0.0,0.0,10.909090909090908,4271,9.0
48,49,9,Mark Cendrowski,14.13, Chuck Lorre & Maria Ferrari, Chuck Lorre & Maria Ferrari,3,22.0,48.0,38.0,32.0,18.0,21.0,0.0,12.929577464788732,3145,8.4
49,50,10,Mark Cendrowski,14.38, Chuck Lorre & Richard Rosenstock & Steve Holland, Chuck Lorre & Richard Rosenstock & Steve Holland,3,55.0,57.0,59.0,35.0,3.0,38.0,0.0,11.160919540229886,3214,8.6
50,51,11,Mark Cendrowski,15.58, Lee Aronsohn & Steven Molaro & Richard Rosenstock & Maria Ferrari, Lee Aronsohn & Steven Molaro & Richard Rosenstock & Maria Ferrari,3,53.0,9.0,42.0,57.0,0.0,0.0,0.0,11.531645569620252,3088,8.3
51,52,12,Mark Cendrowski,15.82, Lee Aronsohn & Steven Molaro, Lee Aronsohn & Steven Molaro,3,22.0,23.0,50.0,41.0,41.0,7.0,0.0,12.17674418604651,3059,8.4
52,53,13,Mark Cendrowski,14.99, Bill Prady & Lee Aronsohn & Jim Reynolds, Bill Prady & Lee Aronsohn & Jim Reynolds,3,23.0,12.0,68.0,43.0,7.0,0.0,0.0,13.445652173913043,2973,8.1
53,54,14,Mark Cendrowski,15.51, Lee Aronsohn & Dave Goetsch & Steve Holland, Lee Aronsohn & Dave Goetsch & Steve Holland,3,33.0,15.0,67.0,56.0,12.0,11.0,0.0,10.95111111111111,3231,8.5
54,55,15,Mark Cendrowski,16.26, Chuck Lorre & Steven Molaro & Jim Reynolds, Chuck Lorre & Steven Molaro & Jim Reynolds,3,39.0,14.0,62.0,67.0,18.0,0.0,0.0,13.045871559633028,2903,8.1
55,56,16,Peter Chakos,15.73, Chuck Lorre & Lee Aronsohn & Steven Molaro, Chuck Lorre & Lee Aronsohn & Steven Molaro,3,58.0,22.0,64.0,30.0,11.0,0.0,0.0,13.444444444444445,3012,8.4
56,57,17,Mark Cendrowski,16.32, Lee Aronsohn & Eric Kaplan & Maria Ferrari, Lee Aronsohn & Eric Kaplan & Maria Ferrari,3,18.0,41.0,38.0,51.0,44.0,0.0,0.0,13.393518518518519,3203,8.5
57,58,18,Mark Cendrowski,13.42, Chuck Lorre & Bill Prady & Steve Holland, Chuck Lorre & Bill Prady & Steve Holland,3,25.0,11.0,71.0,32.0,21.0,0.0,0.0,16.40340909090909,3136,8.5
58,59,19,Mark Cendrowski,13.39, Chuck Lorre & Steven Molaro & Nicole Lorre & Jessica Ambrosetti, Chuck Lorre & Steven Molaro & Nicole Lorre & Jessica Ambrosetti,3,62.0,20.0,62.0,47.0,14.0,0.0,0.0,10.828125,2918,8.0
59,60,20,Anthony Rich,11.63,collaboration,collaboration,3,56.0,22.0,79.0,66.0,22.0,0.0,0.0,10.39080459770115,2903,8.2
60,61,21,Mark Cendrowski,13.73, Chuck Lorre & Bill Prady & Lee Aronsohn, Chuck Lorre & Bill Prady & Lee Aronsohn,3,28.0,28.0,64.0,64.0,31.0,0.0,0.0,11.098901098901099,3144,8.2
61,62,22,Mark Cendrowski,15.02, Lee Aronsohn & Steven Molaro & Steve Holland, Lee Aronsohn & Steven Molaro & Steve Holland,3,26.0,0.0,14.0,39.0,0.0,0.0,0.0,11.393822393822393,4141,9.1
62,63,23,Peter Chakos,14.78, Chuck Lorre & Bill Prady & Maria Ferrari, Chuck Lorre & Bill Prady & Maria Ferrari,3,34.0,36.0,52.0,63.0,28.0,0.0,5.0,10.816793893129772,3182,8.7
63,64,1,Mark Cendrowski,14.04, Chuck Lorre & Lee Aronsohn & Dave Goetsch, Chuck Lorre & Lee Aronsohn & Dave Goetsch,4,76.0,39.0,69.0,23.0,14.0,0.0,14.0,11.053231939163497,3618,8.8
64,65,2,Mark Cendrowski,13.05, Bill Prady & Lee Aronsohn & Steve Holland, Bill Prady & Lee Aronsohn & Steve Holland,4,50.0,13.0,96.0,69.0,4.0,0.0,0.0,10.640316205533598,3227,8.5
65,66,3,Mark Cendrowski,12.59, Chuck Lorre & Bill Prady & Jim Reynolds, Chuck Lorre & Bill Prady & Jim Reynolds,4,21.0,29.0,79.0,63.0,22.0,0.0,38.0,10.916666666666666,3020,8.0
66,67,4,Mark Cendrowski,12.57, Chuck Lorre & Steven Molaro & Adam Faberman, Chuck Lorre & Steven Molaro & Adam Faberman,4,34.0,69.0,43.0,28.0,35.0,27.0,0.0,10.185454545454546,3018,8.1
67,68,5,Mark Cendrowski,13.05, Bill Prady & Lee Aronsohn & Dave Goetsch, Bill Prady & Lee Aronsohn & Dave Goetsch,4,0.0,15.0,71.0,82.0,7.0,5.0,22.0,11.851851851851851,2879,7.8
68,69,6,Mark Cendrowski,13.04, Chuck Lorre & Lee Aronsohn & Steven Molaro, Chuck Lorre & Lee Aronsohn & Steven Molaro,4,0.0,17.0,91.0,97.0,28.0,0.0,0.0,11.196428571428571,2927,8.1
69,70,7,Mark Cendrowski,14.0, Chuck Lorre & Lee Aronsohn & Maria Ferrari, Chuck Lorre & Lee Aronsohn & Maria Ferrari,4,21.0,18.0,81.0,33.0,24.0,0.0,0.0,12.78969957081545,2967,8.1
70,71,8,Mark Cendrowski,13.11, Chuck Lorre & Bill Prady & Jim Reynolds, Chuck Lorre & Bill Prady & Jim Reynolds,4,32.0,20.0,42.0,32.0,9.0,23.0,38.0,12.328947368421053,2941,8.2
71,72,9,Mark Cendrowski,13.02, Chuck Lorre & Lee Aronsohn & Jim Reynolds, Chuck Lorre & Lee Aronsohn & Jim Reynolds,4,45.0,34.0,20.0,62.0,36.0,17.0,0.0,12.053231939163497,3103,8.5
72,73,10,Mark Cendrowski,12.03, Chuck Lorre & Steven Molaro & Steve Holland, Chuck Lorre & Steven Molaro & Steve Holland,4,22.0,35.0,54.0,11.0,33.0,7.0,43.0,11.708695652173914,2857,7.8
73,74,11,Mark Cendrowski,13.24, Chuck Lorre & Lee Aronsohn & Maria Ferrari, Chuck Lorre & Lee Aronsohn & Maria Ferrari,4,37.0,22.0,49.0,50.0,16.0,0.0,0.0,9.816733067729084,3333,8.7
74,75,12,Mark Cendrowski,13.98, Chuck Lorre & Lee Aronsohn & Maria Ferrari, Chuck Lorre & Lee Aronsohn & Maria Ferrari,4,42.0,23.0,95.0,56.0,21.0,0.0,0.0,12.42578125,2865,7.7
75,76,13,Anthony Rich,13.63, Chuck Lorre & Bill Prady & Dave Goetsch, Chuck Lorre & Bill Prady & Dave Goetsch,4,62.0,32.0,33.0,36.0,8.0,33.0,29.0,11.060836501901141,3078,8.3
76,77,14,Mark Cendrowski,13.83, Chuck Lorre & Lee Aronsohn & Jim Reynolds, Chuck Lorre & Lee Aronsohn & Jim Reynolds,4,58.0,20.0,67.0,19.0,27.0,16.0,8.0,12.541125541125542,2895,7.9
77,78,15,Mark Cendrowski,12.79, Bill Prady & Lee Aronsohn & Dave Goetsch, Bill Prady & Lee Aronsohn & Dave Goetsch,4,16.0,18.0,52.0,62.0,15.0,0.0,8.0,12.871244635193133,2853,7.8
78,79,16,Mark Cendrowski,12.41, Chuck Lorre & Lee Aronsohn & Dave Goetsch, Chuck Lorre & Lee Aronsohn & Dave Goetsch,4,29.0,56.0,24.0,24.0,18.0,34.0,18.0,10.928571428571429,2780,8.0
79,80,17,Mark Cendrowski,12.35, Bill Prady & Dave Goetsch & Maria Ferrari, Bill Prady & Dave Goetsch & Maria Ferrari,4,31.0,6.0,69.0,41.0,8.0,12.0,25.0,12.506072874493928,2819,8.0
80,81,18,Mark Cendrowski,12.06, Bill Prady & Steve Holland & Eddie Gorodetsky, Bill Prady & Steve Holland & Eddie Gorodetsky,4,43.0,34.0,37.0,73.0,14.0,0.0,0.0,10.640316205533598,2956,8.2
81,82,19,Peter Chakos,11.92, Chuck Lorre & Steven Molaro & Maria Ferrari, Chuck Lorre & Steven Molaro & Maria Ferrari,4,32.0,30.0,61.0,50.0,28.0,6.0,9.0,10.933333333333334,2863,8.1
82,83,20,Mark Cendrowski,11.4, Chuck Lorre & Eric Kaplan & Eddie Gorodetsky, Chuck Lorre & Eric Kaplan & Eddie Gorodetsky,4,19.0,12.0,51.0,54.0,30.0,10.0,29.0,11.34108527131783,2857,8.3
83,84,21,Mark Cendrowski,10.71, Bill Prady & Dave Goetsch & Eddie Gorodetsky, Bill Prady & Dave Goetsch & Eddie Gorodetsky,4,16.0,2.0,81.0,30.0,1.0,10.0,33.0,11.27027027027027,2917,8.3
84,85,22,Mark Cendrowski,10.5, Chuck Lorre & Steven Molaro & Eric Kaplan, Chuck Lorre & Steven Molaro & Eric Kaplan,4,22.0,13.0,37.0,32.0,33.0,38.0,39.0,11.131782945736434,2769,7.9
85,86,23,Howard Murray,10.78, Bill Prady & Eric Kaplan & Jim Reynolds, Bill Prady & Eric Kaplan & Jim Reynolds,4,33.0,50.0,42.0,35.0,26.0,23.0,0.0,10.996031746031745,2796,8.1
86,87,24,Mark Cendrowski,11.3, Chuck Lorre & Steven Molaro & Eddie Gorodetsky, Chuck Lorre & Steven Molaro & Eddie Gorodetsky,4,26.0,21.0,48.0,44.0,42.0,7.0,10.0,11.510204081632653,2998,8.6
87,88,1,Mark Cendrowski,14.3, Eric Kaplan & Maria Ferrari & Anthony Del Broccolo, Eric Kaplan & Maria Ferrari & Anthony Del Broccolo,5,47.0,14.0,25.0,32.0,36.0,6.0,18.0,13.08695652173913,3433,8.1
88,89,2,Mark Cendrowski,14.94, Bill Prady & Steven Molaro & Maria Ferrari, Bill Prady & Steven Molaro & Maria Ferrari,5,32.0,20.0,55.0,47.0,12.0,0.0,24.0,11.173333333333334,2979,8.1
89,90,3,Mark Cendrowski,14.74, Chuck Lorre & Eric Kaplan & Jim Reynolds, Chuck Lorre & Eric Kaplan & Jim Reynolds,5,15.0,36.0,22.0,39.0,1.0,26.0,47.0,12.143518518518519,2843,7.8
90,91,4,Mark Cendrowski,13.92, Chuck Lorre & Dave Goetsch & Anthony Del Broccolo, Chuck Lorre & Dave Goetsch & Anthony Del Broccolo,5,37.0,48.0,26.0,16.0,51.0,3.0,2.0,13.135922330097088,2896,8.0
91,92,5,Mark Cendrowski,13.58, Bill Prady & Steven Molaro & Jim Reynolds, Bill Prady & Steven Molaro & Jim Reynolds,5,10.0,35.0,51.0,47.0,6.0,35.0,9.0,12.154150197628459,2864,8.1
92,93,6,Howard Murray,14.93, Chuck Lorre & Eric Kaplan & Steve Holland, Chuck Lorre & Eric Kaplan & Steve Holland,5,11.0,9.0,60.0,28.0,8.0,0.0,5.0,15.77560975609756,2805,7.7
93,94,7,Mark Cendrowski,14.54, Chuck Lorre & Dave Goetsch & Maria Ferrari, Chuck Lorre & Dave Goetsch & Maria Ferrari,5,24.0,11.0,43.0,71.0,10.0,8.0,0.0,11.76388888888889,3489,8.6
94,95,8,Mark Cendrowski,15.98, Chuck Lorre & Eric Kaplan & Tara Hernandez, Chuck Lorre & Eric Kaplan & Tara Hernandez,5,31.0,13.0,38.0,31.0,3.0,25.0,61.0,12.777272727272727,2801,7.7
95,96,9,Mark Cendrowski,15.89, Chuck Lorre & Dave Goetsch & Anthony Del Broccolo, Chuck Lorre & Dave Goetsch & Anthony Del Broccolo,5,63.0,4.0,35.0,66.0,6.0,6.0,6.0,13.610328638497652,2932,8.2
96,97,10,Mark Cendrowski,15.05, Chuck Lorre & Steven Molaro & Dave Goetsch, Chuck Lorre & Steven Molaro & Dave Goetsch,5,24.0,17.0,56.0,27.0,15.0,8.0,27.0,12.985507246376812,2859,8.0
97,98,11,Anthony Rich,14.02, Chuck Lorre & Bill Prady & Steve Holland, Chuck Lorre & Bill Prady & Steve Holland,5,36.0,6.0,49.0,69.0,9.0,18.0,16.0,11.74,2786,7.4
98,99,12,Mark Cendrowski,16.13, Chuck Lorre & Steve Holland & Tara Hernandez, Chuck Lorre & Steve Holland & Tara Hernandez,5,22.0,41.0,43.0,21.0,7.0,26.0,12.0,14.130653266331658,2813,7.7
99,100,13,Mark Cendrowski,15.83, Chuck Lorre, Chuck Lorre,5,66.0,10.0,42.0,83.0,7.0,21.0,20.0,10.779026217228465,2972,8.2
100,101,14,Mark Cendrowski,16.13, Chuck Lorre & Steven Molaro & Eric Kaplan, Chuck Lorre & Steven Molaro & Eric Kaplan,5,34.0,10.0,25.0,35.0,28.0,4.0,13.0,12.698412698412698,2989,8.3
101,102,15,Mark Cendrowski,16.54, Chuck Lorre & Eric Kaplan & Jim Reynolds, Chuck Lorre & Eric Kaplan & Jim Reynolds,5,14.0,26.0,61.0,52.0,19.0,2.0,2.0,14.362745098039216,2699,7.8
102,103,16,Mark Cendrowski,16.21, Chuck Lorre & Anthony Del Broccolo & Tara Hernandez, Chuck Lorre & Anthony Del Broccolo & Tara Hernandez,5,16.0,29.0,64.0,29.0,12.0,15.0,33.0,14.076923076923077,2683,7.7
103,104,17,Mark Cendrowski,15.65, Chuck Lorre & Bill Prady & Steve Holland, Chuck Lorre & Bill Prady & Steve Holland,5,42.0,10.0,50.0,24.0,13.0,10.0,37.0,11.959016393442623,2749,7.9
104,105,18,Mark Cendrowski,16.2, Chuck Lorre & Todd Craig & Gary Torvinen, Chuck Lorre & Todd Craig & Gary Torvinen,5,24.0,24.0,50.0,35.0,5.0,17.0,8.0,14.24468085106383,2920,8.3
105,106,19,Mark Cendrowski,15.04, Chuck Lorre & Bill Prady & Tara Hernandez, Chuck Lorre & Bill Prady & Tara Hernandez,5,41.0,15.0,42.0,24.0,15.0,8.0,39.0,14.926470588235293,2784,8.2
106,107,20,Mark Cendrowski,13.96, Chuck Lorre & Bill Prady & Maria Ferrari, Chuck Lorre & Bill Prady & Maria Ferrari,5,26.0,21.0,51.0,27.0,47.0,8.0,0.0,12.572033898305085,2899,8.2
107,108,21,Mark Cendrowski,13.29, Bill Prady & Steven Molaro & Steve Holland, Bill Prady & Steven Molaro & Steve Holland,5,12.0,62.0,75.0,14.0,13.0,7.0,0.0,12.123222748815166,3259,8.6
108,109,22,Peter Chakos,12.65, Billy Prady & Steve Holland & Eric Kaplan, Billy Prady & Steve Holland & Eric Kaplan,5,26.0,30.0,22.0,32.0,25.0,22.0,12.0,14.867647058823529,2751,7.8
109,110,23,Mark Cendrowski,13.91, Chuck Lorre & Steven Molaro & Jim Reynolds, Chuck Lorre & Steven Molaro & Jim Reynolds,5,25.0,41.0,37.0,47.0,4.0,12.0,16.0,13.625570776255708,2709,8.2
110,111,24,Mark Cendrowski,13.72, Bill Prady & Eric Kaplan & Steve Holland, Bill Prady & Eric Kaplan & Steve Holland,5,12.0,49.0,20.0,20.0,13.0,32.0,15.0,11.814977973568283,3122,8.6
111,112,1,Mark Cendrowski,15.66, Chuck Lorre & Eric Kaplan & Steve Holland, Chuck Lorre & Eric Kaplan & Steve Holland,6,22.0,29.0,26.0,30.0,48.0,12.0,24.0,11.475806451612904,3624,7.7
112,113,2,Mark Cendrowski,15.18, Chuck Lorre & Jim Reynolds & Maria Ferrari, Chuck Lorre & Jim Reynolds & Maria Ferrari,6,40.0,19.0,66.0,30.0,8.0,23.0,22.0,11.202479338842975,2846,7.7
113,114,3,Mark Cendrowski,14.23, Steven Molaro & Dave Goetsch & Steve Holland, Steven Molaro & Dave Goetsch & Steve Holland,6,37.0,16.0,37.0,33.0,5.0,15.0,22.0,12.708920187793428,2856,8.0
114,115,4,Mark Cendrowski,15.73, Bill Prady & Jim Reynolds & Anthony Del Broccolo, Bill Prady & Jim Reynolds & Anthony Del Broccolo,6,27.0,43.0,44.0,28.0,15.0,15.0,17.0,10.351239669421487,3043,8.3
115,116,5,Mark Cendrowski,15.82, Chuck Lorre & Eric Kaplan & Jeremy Howe, Chuck Lorre & Eric Kaplan & Jeremy Howe,6,40.0,42.0,25.0,33.0,19.0,32.0,17.0,12.208510638297872,2818,8.1
116,117,6,Mark Cendrowski,15.9, Chuck Lorre & Bill Prady & Steve Holland, Chuck Lorre & Bill Prady & Steve Holland,6,37.0,16.0,48.0,45.0,18.0,12.0,15.0,14.251184834123222,2711,7.9
117,118,7,Mark Cendrowski,16.68, Chuck Lorre & Eric Kaplan & Jim Reynolds, Chuck Lorre & Eric Kaplan & Jim Reynolds,6,21.0,32.0,53.0,13.0,2.0,22.0,22.0,14.638613861386139,2678,7.7
118,119,8,Mark Cendrowski,17.63, Chuck Lorre & Dave Goetsch & Anthony Del Broccolo, Chuck Lorre & Dave Goetsch & Anthony Del Broccolo,6,26.0,52.0,27.0,58.0,50.0,0.0,0.0,10.879032258064516,3154,8.5
119,120,9,Peter Chakos,17.25, Chuck Lorre & Eric Kaplan & Adam Faberman, Chuck Lorre & Eric Kaplan & Adam Faberman,6,17.0,36.0,54.0,19.0,11.0,28.0,31.0,13.036866359447005,3044,8.3
120,121,10,Mark Cendrowski,16.94, Chuck Lorre & Bill Prady & Tara Hernandez, Chuck Lorre & Bill Prady & Tara Hernandez,6,13.0,48.0,41.0,12.0,10.0,14.0,33.0,12.695238095238095,2848,8.1
121,122,11,Mark Cendrowski,16.77, Chuck Lorre & Eric Kaplan & Steve Holland, Chuck Lorre & Eric Kaplan & Steve Holland,6,19.0,17.0,42.0,43.0,33.0,15.0,19.0,14.132743362831858,2744,7.9
122,123,12,Mark Cendrowski,19.25, Chuck Lorre & Eric Kaplan & Jim Reynolds, Chuck Lorre & Eric Kaplan & Jim Reynolds,6,33.0,13.0,47.0,53.0,18.0,5.0,2.0,14.12037037037037,3118,8.5
123,124,13,Mark Cendrowski,20.0, Chuck Lorre & Jim Reynolds & Steve Holland, Chuck Lorre & Jim Reynolds & Steve Holland,6,39.0,17.0,34.0,36.0,21.0,24.0,30.0,11.745901639344263,3122,8.5
124,125,14,Mark Cendrowski,17.76, Chuck Lorre & Eric Kaplan & Anthony Del Broccolo, Chuck Lorre & Eric Kaplan & Anthony Del Broccolo,6,19.0,35.0,53.0,31.0,24.0,10.0,5.0,12.059360730593607,2727,7.9
125,126,15,Mark Cendrowski,18.98, Chuck Lorre & Eric Kaplan & Steve Holland, Chuck Lorre & Eric Kaplan & Steve Holland,6,32.0,27.0,60.0,38.0,32.0,4.0,28.0,12.170731707317072,2826,8.3
126,127,16,Mark Cendrowski,17.89, Chuck Lorre & Bill Prady & Steve Holland, Chuck Lorre & Bill Prady & Steve Holland,6,41.0,21.0,28.0,47.0,16.0,12.0,15.0,12.311111111111112,2740,8.0
127,128,17,Mark Cendrowski,17.62, Chuck Lorre & Dave Goetsch & Maria Ferrari, Chuck Lorre & Dave Goetsch & Maria Ferrari,6,21.0,18.0,39.0,17.0,29.0,6.0,15.0,14.106741573033707,2605,7.7
128,129,18,Mark Cendrowski,17.63, Chuck Lorre & Eric Kaplan & Steve Holland, Chuck Lorre & Eric Kaplan & Steve Holland,6,15.0,20.0,22.0,23.0,17.0,16.0,16.0,16.33125,2678,7.8
129,130,19,Anthony Rich,15.9, Chuck Lorre & Jim Reynolds & Maria Ferrari, Chuck Lorre & Jim Reynolds & Maria Ferrari,6,27.0,45.0,46.0,30.0,14.0,42.0,17.0,11.305439330543933,2823,8.1
130,131,20,Mark Cendrowski,17.24, Steven Molaro & Eric Kaplan & Maria Ferrari, Steven Molaro & Eric Kaplan & Maria Ferrari,6,13.0,12.0,52.0,42.0,19.0,3.0,21.0,11.75,2741,8.1
131,132,21,Mark Cendrowski,15.05, Chuck Lorre & Bill Prady & Tara Hernandez, Chuck Lorre & Bill Prady & Tara Hernandez,6,30.0,21.0,31.0,23.0,33.0,5.0,16.0,14.055,2690,8.1
132,133,22,Mark Cendrowski,16.29, Chuck Lorre & Jim Reynolds & Steve Holland, Chuck Lorre & Jim Reynolds & Steve Holland,6,18.0,26.0,55.0,31.0,14.0,20.0,0.0,11.574561403508772,2786,8.0
133,134,23,Anthony Rich,16.3, Chuck Lorre & Jim Reynolds & Maria Ferrari, Chuck Lorre & Jim Reynolds & Maria Ferrari,6,18.0,22.0,41.0,18.0,27.0,11.0,28.0,12.309859154929578,2822,8.1
134,135,24,Mark Cendrowski,15.48, Steven Molaro & Steve Holland & Tara Hernandez, Steven Molaro & Steve Holland & Tara Hernandez,6,48.0,15.0,34.0,39.0,45.0,5.0,11.0,13.51101321585903,2667,7.8
135,136,1,Mark Cendrowski,18.99, Chuck Lorre & Steven Molaro & Tara Hernandez, Chuck Lorre & Steven Molaro & Tara Hernandez,7,48.0,15.0,58.0,13.0,28.0,21.0,22.0,12.066666666666666,3073,7.9
136,137,2,Mark Cendrowski,20.44, Chuck Lorre & Eric Kaplan & Jim Reynolds, Chuck Lorre & Eric Kaplan & Jim Reynolds,7,45.0,32.0,78.0,34.0,18.0,12.0,21.0,11.475836431226766,3009,8.1
137,138,3,Mark Cendrowski,18.22, Dave Goetsch & Eric Kaplan & Steve Holland, Dave Goetsch & Eric Kaplan & Steve Holland,7,41.0,31.0,41.0,44.0,22.0,31.0,26.0,10.9812734082397,3624,8.8
138,139,4,Mark Cendrowski,17.64, Chuck Lorre & Jim Reynolds & Tara Hernandez, Chuck Lorre & Jim Reynolds & Tara Hernandez,7,26.0,19.0,27.0,47.0,24.0,7.0,18.0,13.483720930232558,2754,8.0
139,140,5,Mark Cendrowski,17.8, Steven Molaro & Steve Holland & Maria Ferrari, Steven Molaro & Steve Holland & Maria Ferrari,7,13.0,26.0,62.0,17.0,13.0,19.0,38.0,13.366336633663366,2619,7.7
140,141,6,Mark Cendrowski,16.98, Eric Kaplan & Jim Reynolds & Tara Hernandez, Eric Kaplan & Jim Reynolds & Tara Hernandez,7,35.0,28.0,46.0,41.0,18.0,9.0,23.0,13.686363636363636,3130,8.5
141,142,7,Mark Cendrowski,16.89, Chuck Lorre & Maria Ferrari & Anthony Del Broccolo, Chuck Lorre & Maria Ferrari & Anthony Del Broccolo,7,15.0,31.0,46.0,29.0,25.0,6.0,21.0,11.897872340425533,2670,7.8
142,143,8,Mark Cendrowski,18.3, Steven Molaro & Bill Prady & Jim Reynolds, Steven Molaro & Bill Prady & Jim Reynolds,7,35.0,13.0,37.0,42.0,24.0,15.0,12.0,13.253521126760564,2667,7.6
143,144,9,Mark Cendrowski,18.94, Eric Kaplan & Steve Holland & Maria Ferrari, Eric Kaplan & Steve Holland & Maria Ferrari,7,39.0,33.0,35.0,34.0,14.0,21.0,22.0,10.94921875,3721,8.9
144,145,10,Mark Cendrowski,15.63, Eric Kaplan & Jim Reynolds & Maria Ferrari, Eric Kaplan & Jim Reynolds & Maria Ferrari,7,11.0,32.0,56.0,27.0,23.0,26.0,12.0,13.54625550660793,2522,7.7
145,146,11,Mark Cendrowski,17.68, Steven Molaro & Eric Kaplan & Maria Ferrari, Steven Molaro & Eric Kaplan & Maria Ferrari,7,45.0,20.0,38.0,42.0,24.0,14.0,38.0,10.105839416058394,2813,8.2
146,147,12,Mark Cendrowski,19.2, Dave Goetsch & Jim Reynolds & Tara Hernandez, Dave Goetsch & Jim Reynolds & Tara Hernandez,7,50.0,14.0,39.0,61.0,17.0,12.0,17.0,10.642857142857142,2603,7.5
147,148,13,Mark Cendrowski,20.35, Eric Kaplan & Maria Ferrari & Tara Hernandez, Eric Kaplan & Maria Ferrari & Tara Hernandez,7,40.0,20.0,42.0,41.0,18.0,19.0,30.0,10.408602150537634,2582,7.6
148,149,14,Mark Cendrowski,19.05, Eric Kaplan & Jim Reynolds & Adam Faberman, Eric Kaplan & Jim Reynolds & Adam Faberman,7,24.0,31.0,43.0,34.0,27.0,11.0,13.0,12.577586206896552,2772,8.0
149,150,15,Mark Cendrowski,17.53, Jim Reynolds & Steve Holland & Tara Hernandez, Jim Reynolds & Steve Holland & Tara Hernandez,7,32.0,14.0,48.0,34.0,15.0,12.0,32.0,11.879166666666666,2973,8.3
150,151,16,Gay Linvill,17.73, Steven Molaro & Maria Ferrari & Tara Hernandez, Steven Molaro & Maria Ferrari & Tara Hernandez,7,31.0,41.0,44.0,40.0,29.0,24.0,16.0,11.86923076923077,2485,7.7
151,152,17,Mark Cendrowski,18.09, Steven Molaro & Eric Kaplan & Tara Hernandez, Steven Molaro & Eric Kaplan & Tara Hernandez,7,24.0,37.0,44.0,20.0,42.0,10.0,29.0,12.541484716157205,2458,7.5
152,153,18,Mark Cendrowski,17.34, Jim Reynolds & Steve Holland & Maria Ferrari, Jim Reynolds & Steve Holland & Maria Ferrari,7,32.0,25.0,46.0,24.0,36.0,20.0,20.0,12.007905138339922,2522,7.5
153,154,19,Anthony Rich,17.73, Bill Prady & Eric Kaplan & Jim Reynolds, Bill Prady & Eric Kaplan & Jim Reynolds,7,35.0,7.0,43.0,30.0,29.0,18.0,38.0,11.518672199170124,2738,8.2
154,155,20,Mark Cendrowski,16.49, Steven Molaro & Bill Prady & Jim Reynolds, Steven Molaro & Bill Prady & Jim Reynolds,7,25.0,43.0,62.0,23.0,23.0,14.0,8.0,11.585365853658537,2565,8.1
155,156,21,Mark Cendrowski,16.44, Steven Molaro & Eric Kaplan & Adam Faberman, Steven Molaro & Eric Kaplan & Adam Faberman,7,44.0,16.0,45.0,30.0,23.0,7.0,15.0,12.69811320754717,2427,7.6
156,157,22,Mark Cendrowski,16.07, Jim Reynolds & Maria Ferrari & Jeremy Howe, Jim Reynolds & Maria Ferrari & Jeremy Howe,7,39.0,14.0,48.0,44.0,16.0,11.0,17.0,11.543478260869565,2555,7.8
157,158,23,Peter Chakos,14.42, Chuck Lorre & Jim Reynolds & Jeremy Howe, Chuck Lorre & Jim Reynolds & Jeremy Howe,7,42.0,28.0,25.0,33.0,41.0,21.0,3.0,10.826086956521738,2560,7.9
158,159,24,Mark Cendrowski,16.73, Eric Kaplan & Jim Reynolds & Jeremy Howe, Eric Kaplan & Jim Reynolds & Jeremy Howe,7,35.0,18.0,54.0,65.0,9.0,17.0,23.0,11.136029411764707,2628,8.1
159,160,1,Mark Cendrowski,18.08, Jim Reynolds & Maria Ferrari & Tara Hernandez, Jim Reynolds & Maria Ferrari & Tara Hernandez,8,30.0,28.0,42.0,30.0,17.0,12.0,14.0,13.343612334801762,3104,7.2
160,161,2,Mark Cendrowski,18.3, Steven Molaro & Eric Kaplan & Steve Holland, Steven Molaro & Eric Kaplan & Steve Holland,8,21.0,37.0,65.0,22.0,13.0,20.0,32.0,12.343347639484978,2875,7.6
161,162,3,Mark Cendrowski,18.44, Chuck Lorre & Jim Reynolds & Anthony Del Broccolo, Chuck Lorre & Jim Reynolds & Anthony Del Broccolo,8,36.0,35.0,38.0,39.0,8.0,22.0,19.0,11.423423423423424,2793,7.1
162,163,4,Mark Cendrowski,17.94, Steve Holland & Maria Ferrari & Tara Hernandez, Steve Holland & Maria Ferrari & Tara Hernandez,8,51.0,31.0,33.0,28.0,30.0,23.0,14.0,11.310077519379846,2632,7.2
163,164,5,Mark Cendrowski,17.63, Jim Reynolds & Maria Ferrari & Adam Faberman, Jim Reynolds & Maria Ferrari & Adam Faberman,8,23.0,28.0,46.0,44.0,29.0,24.0,27.0,11.804979253112034,2699,7.5
164,165,6,Mark Cendrowski,18.02, Steven Molaro & Dave Goetsch & Tara Hernandez, Steven Molaro & Dave Goetsch & Tara Hernandez,8,43.0,22.0,50.0,43.0,45.0,24.0,13.0,13.070038910505836,2573,7.2
165,166,7,Mark Cendrowski,18.25, Chuck Lorre & Eric Kaplan & Jim Reynolds, Chuck Lorre & Eric Kaplan & Jim Reynolds,8,30.0,11.0,28.0,41.0,15.0,17.0,26.0,11.144628099173554,2830,7.8
166,167,8,Mark Cendrowski,18.56, Jim Reynolds & Steve Holland & Jeremy Howe, Jim Reynolds & Steve Holland & Jeremy Howe,8,38.0,28.0,35.0,33.0,15.0,22.0,24.0,12.540772532188841,2817,8.0
167,168,9,Anthony Rich,16.9, Steven Molaro & Bill Prady & Maria Ferrari, Steven Molaro & Bill Prady & Maria Ferrari,8,22.0,29.0,67.0,32.0,17.0,29.0,28.0,12.099585062240664,2498,7.5
168,169,10,Mark Cendrowski,16.61, Steven Molaro & Tara Hernandez & David Saltzberg & Ph.D, Steven Molaro & Tara Hernandez & David Saltzberg & Ph.D,8,25.0,21.0,34.0,29.0,18.0,30.0,16.0,12.369565217391305,2568,7.0
169,170,11,Mark Cendrowski,18.49, Maria Ferrari & Tara Hernandez & Jeremy Howe, Maria Ferrari & Tara Hernandez & Jeremy Howe,8,20.0,42.0,32.0,40.0,31.0,16.0,20.0,11.85593220338983,2470,7.4
170,171,12,Mark Cendrowski,18.11, Bill Prady & Eric Kaplan & Jim Reynolds, Bill Prady & Eric Kaplan & Jim Reynolds,8,31.0,29.0,50.0,46.0,34.0,5.0,20.0,13.0,2382,7.3
171,172,13,Mark Cendrowski,17.25, Eric Kaplan & Maria Ferrari & Adam Faberman, Eric Kaplan & Maria Ferrari & Adam Faberman,8,34.0,21.0,74.0,31.0,12.0,5.0,26.0,12.627802690582959,2374,7.5
172,173,14,Mark Cendrowski,17.09, Steven Molaro & Eric Kaplan & Tara Hernandez, Steven Molaro & Eric Kaplan & Tara Hernandez,8,39.0,10.0,47.0,57.0,12.0,25.0,24.0,12.040816326530612,2589,8.0
173,174,15,Mark Cendrowski,17.49, Jim Reynolds & Maria Ferrari & Jeremy Howe, Jim Reynolds & Maria Ferrari & Jeremy Howe,8,42.0,21.0,50.0,30.0,25.0,15.0,24.0,11.85483870967742,2584,8.1
174,175,16,Mark Cendrowski,16.67, Dave Goetsch & Eric Kaplan & Tara Hernandez, Dave Goetsch & Eric Kaplan & Tara Hernandez,8,50.0,11.0,55.0,20.0,19.0,11.0,21.0,11.902542372881356,2474,7.9
175,176,17,Mark Cendrowski,18.17, Dave Goetsch & Jim Reynolds & Tara Hernandez, Dave Goetsch & Jim Reynolds & Tara Hernandez,8,28.0,20.0,42.0,34.0,32.0,9.0,34.0,11.841880341880342,2345,7.6
176,177,18,Mark Cendrowski,18.13, Steven Molaro & Maria Ferrari & Jeremy Howe, Steven Molaro & Maria Ferrari & Jeremy Howe,8,24.0,30.0,58.0,42.0,15.0,21.0,28.0,11.680161943319838,2312,7.4
177,178,19,Mark Cendrowski,16.89, Jim Reynolds & Tara Hernandez & Jeremy Howe, Jim Reynolds & Tara Hernandez & Jeremy Howe,8,15.0,23.0,57.0,48.0,11.0,22.0,15.0,13.39819004524887,2327,7.6
178,179,20,Mark Cendrowski,16.78, Jim Reynolds & Saladin Patterson & Tara Hernandez, Jim Reynolds & Saladin Patterson & Tara Hernandez,8,29.0,26.0,35.0,40.0,18.0,11.0,27.0,11.779527559055119,2305,7.5
179,180,21,Mark Cendrowski,16.02, Dave Goetsch & Steve Holland & Jeremy Howe, Dave Goetsch & Steve Holland & Jeremy Howe,8,30.0,32.0,46.0,44.0,45.0,18.0,2.0,12.524590163934427,2264,7.1
180,181,22,Anthony Rich,16.63, Chuck Lorre & Dave Goetsch & Anthony Del Broccolo, Chuck Lorre & Dave Goetsch & Anthony Del Broccolo,8,28.0,43.0,40.0,32.0,33.0,8.0,3.0,12.265765765765765,2303,7.3
181,182,23,Anthony Rich,15.85, Steven Molaro & Tara Hernandez & Jeremy Howe, Steven Molaro & Tara Hernandez & Jeremy Howe,8,22.0,9.0,35.0,35.0,7.0,6.0,4.0,12.492957746478874,2342,7.6
182,183,24,Mark Cendrowski,17.64, Chuck Lorre & Jim Reynolds & Maria Ferrari, Chuck Lorre & Jim Reynolds & Maria Ferrari,8,67.0,21.0,45.0,54.0,20.0,19.0,12.0,9.985663082437275,2752,8.0
183,184,1,Mark Cendrowski,18.2, Chuck Lorre & Jim Reynolds & Maria Ferrari, Chuck Lorre & Jim Reynolds & Maria Ferrari,9,59.0,10.0,63.0,56.0,5.0,12.0,24.0,10.33695652173913,3077,6.8
184,185,2,Mark Cendrowski,17.23, Steven Molaro & Steve Holland & Tara Hernandez, Steven Molaro & Steve Holland & Tara Hernandez,9,36.0,16.0,41.0,57.0,14.0,9.0,23.0,12.693333333333333,2561,7.4
185,186,3,Mark Cendrowski,17.4, Dave Goetsch & Jim Reynolds & Jeremy Howe, Dave Goetsch & Jim Reynolds & Jeremy Howe,9,67.0,31.0,38.0,27.0,24.0,24.0,27.0,11.173076923076923,2604,7.8
186,187,4,Mark Cendrowski,16.96, Chuck Lorre & Steve Holland & Eric Kaplan, Chuck Lorre & Steve Holland & Eric Kaplan,9,21.0,27.0,40.0,21.0,35.0,12.0,8.0,13.190243902439024,2437,7.5
187,188,5,Mark Cendrowski,17.68, Chuck Lorre & Eric Kaplan & Maria Ferrari, Chuck Lorre & Eric Kaplan & Maria Ferrari,9,16.0,17.0,51.0,32.0,13.0,15.0,22.0,11.786046511627907,2359,7.5
188,189,6,Mark Cendrowski,18.32, Steve Holland & Maria Ferrari & Anthony Del Broccolo, Steve Holland & Maria Ferrari & Anthony Del Broccolo,9,21.0,11.0,67.0,62.0,12.0,16.0,12.0,11.590909090909092,2412,7.2
189,190,7,Nikki Lorre,18.81, Chuck Lorre & Jim Reynolds & Tara Hernandez, Chuck Lorre & Jim Reynolds & Tara Hernandez,9,27.0,33.0,45.0,25.0,12.0,26.0,0.0,12.906103286384976,2484,8.0
190,191,8,Mark Cendrowski,17.92, Steven Molaro & Eric Kaplan & Jim Reynolds, Steven Molaro & Eric Kaplan & Jim Reynolds,9,33.0,23.0,37.0,22.0,22.0,23.0,33.0,11.461224489795919,2504,8.0
191,192,9,Mark Cendrowski,18.19, Jim Reynolds & Jeremy Howe & Tara Hernandez, Jim Reynolds & Jeremy Howe & Tara Hernandez,9,34.0,27.0,46.0,35.0,11.0,12.0,41.0,12.036437246963562,2440,7.9
192,193,10,Mark Cendrowski,19.27, Eric Kaplan & Jim Reynolds & Saladin K. Patterson, Eric Kaplan & Jim Reynolds & Saladin K. Patterson,9,19.0,28.0,37.0,25.0,27.0,12.0,29.0,13.23394495412844,2826,8.4
193,194,11,Mark Cendrowski,18.23, Steven Molaro & Eric Kaplan & Tara Hernandez, Steven Molaro & Eric Kaplan & Tara Hernandez,9,23.0,14.0,67.0,22.0,15.0,15.0,32.0,10.533596837944664,4370,9.1
194,195,12,Mark Cendrowski,17.85, Steve Holland & Jim Reynolds & Saladin K. Patterson, Steve Holland & Jim Reynolds & Saladin K. Patterson,9,28.0,29.0,50.0,29.0,33.0,23.0,12.0,11.434615384615384,2234,7.5
195,196,13,Mark Cendrowski,16.75, Chuck Lorre & Eric Kaplan & Dave Goetsch, Chuck Lorre & Eric Kaplan & Dave Goetsch,9,22.0,14.0,77.0,35.0,21.0,9.0,17.0,11.452282157676349,2245,7.5
196,197,14,Mark Cendrowski,17.29, Chuck Lorre & Jim Reynolds & Maria Ferrari, Chuck Lorre & Jim Reynolds & Maria Ferrari,9,16.0,22.0,47.0,17.0,38.0,12.0,31.0,11.75968992248062,2260,7.6
197,198,15,Mark Cendrowski,18.25, Steven Molaro & Jim Reynolds & Tara Hernandez, Steven Molaro & Jim Reynolds & Tara Hernandez,9,34.0,27.0,28.0,39.0,23.0,20.0,31.0,11.144578313253012,2230,7.6
198,199,16,Mark Cendrowski,19.06, Eric Kaplan & Jim Reynolds & Saladin K. Patterson, Eric Kaplan & Jim Reynolds & Saladin K. Patterson,9,29.0,41.0,30.0,37.0,22.0,34.0,21.0,11.915611814345992,2304,7.5
199,200,17,Mark Cendrowski,18.94, Chuck Lorre & Eric Kaplan & Jeremy Howe, Chuck Lorre & Eric Kaplan & Jeremy Howe,9,24.0,8.0,42.0,32.0,9.0,5.0,23.0,12.272727272727273,2311,7.6
200,201,18,Mark Cendrowski,18.68, Steven Molaro & Eric Kaplan & Adam Faberman, Steven Molaro & Eric Kaplan & Adam Faberman,9,22.0,37.0,34.0,25.0,41.0,24.0,16.0,11.630081300813009,2191,7.6
201,202,19,Mark Cendrowski,17.24, Bill Prady & Eric Kaplan & Maria Ferrari, Bill Prady & Eric Kaplan & Maria Ferrari,9,30.0,23.0,60.0,31.0,19.0,16.0,61.0,10.653992395437262,2113,7.5
202,203,20,Mark Cendrowski,17.5, Chuck Lorre & Dave Goetsch & Tara Hernandez, Chuck Lorre & Dave Goetsch & Tara Hernandez,9,48.0,36.0,39.0,46.0,17.0,28.0,24.0,9.883720930232558,2070,7.5
203,204,21,Mark Cendrowski,17.16, Eric Kaplan & Maria Ferrari & Jeremy Howe, Eric Kaplan & Maria Ferrari & Jeremy Howe,9,26.0,34.0,46.0,58.0,31.0,7.0,18.0,10.936507936507937,2079,7.5
204,205,22,Nikki Lorre,16.13, Steven Molaro & Jim Reynolds & Anthony Del Broccolo, Steven Molaro & Jim Reynolds & Anthony Del Broccolo,9,24.0,31.0,52.0,43.0,29.0,30.0,22.0,10.91814946619217,2020,7.5
205,206,23,Anthony Rich,15.22, Steve Holland & Saladin K. Patterson & Tara Hernandez, Steve Holland & Saladin K. Patterson & Tara Hernandez,9,37.0,14.0,52.0,31.0,8.0,9.0,18.0,12.398373983739837,2030,7.4
206,207,24,Mark Cendrowski,16.73, Steven Molaro & Tara Hernandez & Adam Faberman, Steven Molaro & Tara Hernandez & Adam Faberman,9,39.0,25.0,26.0,43.0,18.0,12.0,19.0,9.866197183098592,2334,7.8
207,208,1,Mark Cendrowski,18.82, Chuck Lorre & Steve Holland & Tara Hernandez, Chuck Lorre & Steve Holland & Tara Hernandez,10,26.0,16.0,38.0,27.0,21.0,12.0,8.0,10.503424657534246,2784,7.8
208,209,2,Mark Cendrowski,17.24, Chuck Lorre & Eric Kaplan & Jim Reynolds, Chuck Lorre & Eric Kaplan & Jim Reynolds,10,38.0,35.0,38.0,33.0,16.0,37.0,19.0,11.788235294117648,2227,7.4
209,210,3,Mark Cendrowski,17.32, Steven Molaro & Saladin K. Patterson & Tara Hernandez, Steven Molaro & Saladin K. Patterson & Tara Hernandez,10,22.0,24.0,46.0,37.0,33.0,30.0,16.0,11.437262357414449,2116,7.3
210,211,4,Mark Cendrowski,16.41, Chuck Lorre & Dave Goetsch & Maria Ferrari, Chuck Lorre & Dave Goetsch & Maria Ferrari,10,40.0,16.0,64.0,32.0,12.0,16.0,56.0,11.042471042471043,2355,8.0
211,212,5,Mark Cendrowski,18.2, Chuck Lorre & Maria Ferrari & Tara Hernandez, Chuck Lorre & Maria Ferrari & Tara Hernandez,10,43.0,27.0,37.0,28.0,21.0,25.0,25.0,10.814516129032258,2086,7.5
212,213,6,Mark Cendrowski,17.31, Steve Holland & Tara Hernandez & Jeremy Howe, Steve Holland & Tara Hernandez & Jeremy Howe,10,38.0,27.0,32.0,33.0,11.0,21.0,22.0,10.63740458015267,2122,7.5
213,214,7,Mark Cendrowski,18.18, Steven Molaro & Eric Kaplan & Maria Ferrari, Steven Molaro & Eric Kaplan & Maria Ferrari,10,36.0,18.0,70.0,47.0,11.0,5.0,52.0,10.60536398467433,2260,8.0
214,215,8,Mark Cendrowski,17.47, Chuck Lorre & Steve Holland & Saladin K. Patterson, Chuck Lorre & Steve Holland & Saladin K. Patterson,10,12.0,9.0,39.0,10.0,55.0,7.0,38.0,11.446902654867257,2346,8.1
215,216,9,Mark Cendrowski,16.34, Chuck Lorre & Erik Kaplan & Maria Ferrari, Chuck Lorre & Erik Kaplan & Maria Ferrari,10,18.0,26.0,55.0,37.0,13.0,11.0,19.0,11.824324324324325,2025,7.5
216,217,10,Mark Cendrowski,16.54, Steve Holland & Bill Prady & Steve Goetsch, Steve Holland & Bill Prady & Steve Goetsch,10,25.0,16.0,47.0,44.0,22.0,24.0,17.0,11.098859315589353,2023,7.4
217,218,11,Nikki Lorre,16.96, Chuck Lorre & Steve Holland & Maria Ferrari, Chuck Lorre & Steve Holland & Maria Ferrari,10,28.0,28.0,38.0,19.0,31.0,18.0,45.0,10.430830039525691,2075,7.6
218,219,12,Mark Cendrowski,17.02, Steven Molaro & Eric Kaplan & Tara Hernandez, Steven Molaro & Eric Kaplan & Tara Hernandez,10,38.0,24.0,49.0,31.0,8.0,29.0,35.0,10.280303030303031,2096,7.4
219,220,13,Mark Cendrowski,17.15, Chuck Lorre & Dave Goetsch & Anthony Del Broccolo, Chuck Lorre & Dave Goetsch & Anthony Del Broccolo,10,40.0,18.0,44.0,51.0,15.0,7.0,23.0,11.775229357798166,1998,7.0
220,221,14,Mark Cendrowski,16.66, Chuck Lorre & Steven Molaro & Eric Kaplan, Chuck Lorre & Steven Molaro & Eric Kaplan,10,30.0,37.0,56.0,40.0,46.0,10.0,22.0,12.151851851851852,1955,7.3
221,222,15,Mark Cendrowski,16.15, Chuck Lorre & Steve Holland & Jim Reynolds, Chuck Lorre & Steve Holland & Jim Reynolds,10,21.0,30.0,35.0,38.0,21.0,26.0,28.0,12.649572649572649,1931,7.3
222,223,16,Mark Cendrowski,15.51, Eric Kaplan & Maria Ferrari & Jeremy Howe, Eric Kaplan & Maria Ferrari & Jeremy Howe,10,19.0,16.0,48.0,21.0,37.0,10.0,39.0,11.173728813559322,1858,7.2
223,224,17,Mark Cendrowski,16.38, Eric Kaplan & Saladin K. Patterson & Tara Hernandez, Eric Kaplan & Saladin K. Patterson & Tara Hernandez,10,39.0,33.0,42.0,41.0,29.0,27.0,26.0,11.147169811320754,1901,7.5
224,225,18,Mark Cendrowski,17.08, Steven Molaro & Eric Kaplan & Anthony Del Broccolo, Steven Molaro & Eric Kaplan & Anthony Del Broccolo,10,29.0,22.0,47.0,29.0,41.0,12.0,29.0,12.061068702290076,1853,7.2
225,226,19,Mark Cendrowski,15.78, Chuck Lorre & Tara Hernandez & Giuseppe Graziano, Chuck Lorre & Tara Hernandez & Giuseppe Graziano,10,25.0,10.0,45.0,33.0,28.0,9.0,38.0,12.308056872037914,1886,7.1
226,227,20,Mark Cendrowski,15.59, Eric Kaplan & Tara Hernandez & Jeremy Howe, Eric Kaplan & Tara Hernandez & Jeremy Howe,10,19.0,37.0,59.0,20.0,17.0,30.0,22.0,10.82442748091603,1836,7.2
227,228,21,Mark Cendrowski,16.09, Steven Molaro & Jim Reynolds & Maria Ferrari, Steven Molaro & Jim Reynolds & Maria Ferrari,10,14.0,30.0,40.0,22.0,20.0,21.0,21.0,10.789256198347108,1887,7.3
228,229,22,Mark Cendrowski,14.52, Steve Holland & Tara Hernandez & Jeremy Howe, Steve Holland & Tara Hernandez & Jeremy Howe,10,42.0,31.0,44.0,40.0,15.0,24.0,25.0,11.640151515151516,1803,6.8
229,230,23,Anthony Rich,15.39, Chuck Lorre & Steve Holland & Alex Ayers, Chuck Lorre & Steve Holland & Alex Ayers,10,27.0,24.0,55.0,24.0,18.0,26.0,54.0,10.792156862745099,1811,7.2
230,231,24,Mark Cendrowski,15.99, Steven Molaro & Eric Kaplan & Jim Reynolds, Steven Molaro & Eric Kaplan & Jim Reynolds,10,33.0,14.0,55.0,23.0,25.0,16.0,28.0,9.95435684647303,2643,8.6
231,232,1,Mark Cendrowski,17.65, Chuck Lorre & Eric Kaplan & Jeremy Howe, Chuck Lorre & Eric Kaplan & Jeremy Howe,11,,,,,,,,,2343,7.6
232,233,2,Mark Cendrowski,14.06, Steven Molaro & Steve Holland & Maria Ferrari, Steven Molaro & Steve Holland & Maria Ferrari,11,,,,,,,,,2051,7.3
233,234,3,Mark Cendrowski,13.13, Chuck Lorre & Steve Holland & Adam Faberman, Chuck Lorre & Steve Holland & Adam Faberman,11,,,,,,,,,1928,7.0
234,235,4,Mark Cendrowski,13.07, Bill Prady & Maria Ferrari & Tara Hernandez, Bill Prady & Maria Ferrari & Tara Hernandez,11,,,,,,,,,1869,7.2
235,236,5,Nikki Lorre,13.2, Steven Molaro & Steve Holland & Eric Kaplan, Steven Molaro & Steve Holland & Eric Kaplan,11,,,,,,,,,1887,7.4
236,237,6,Mark Cendrowski,14.14," Steven Molaro, Dave Goetsch, Alex Yonks"," Steven Molaro, Dave Goetsch, Alex Yonks",11,,,,,,,,,1863,7.2
237,238,7,Mark Cendrowski,13.8, Steve Holland & Anthony Del Broccolo & Adam Faberman, Steve Holland & Anthony Del Broccolo & Adam Faberman,11,,,,,,,,,1888,7.5
238,239,8,Anthony Rich,13.44, Chuck Lorre & Eric Kaplan & Tara Hernandez, Chuck Lorre & Eric Kaplan & Tara Hernandez,11,,,,,,,,,1803,7.2
239,240,9,Mark Cendrowski,13.84, Steve Holland & Andy Gordon & Jeremy Howe, Steve Holland & Andy Gordon & Jeremy Howe,11,,,,,,,,,1968,7.8
240,241,10,Mark Cendrowski,14.41, Bill Prady & Maria Ferrari & Adam Faberman, Bill Prady & Maria Ferrari & Adam Faberman,11,,,,,,,,,1816,7.4
241,242,11,Mark Cendrowski,13.74, Steve Holland & Eric Kaplan & Alex Ayers, Steve Holland & Eric Kaplan & Alex Ayers,11,,,,,,,,,1756,7.1
242,243,12,Mark Cendrowski,16.16, Maria Ferrari & Tara Hernandez & Jeremy Howe, Maria Ferrari & Tara Hernandez & Jeremy Howe,11,,,,,,,,,1797,7.5
243,244,13,Mark Cendrowski,15.93, Chuck Lorre & Steve Holland & Anthony Del Broccolo, Chuck Lorre & Steve Holland & Anthony Del Broccolo,11,,,,,,,,,1787,7.3
244,245,14,Mark Cendrowski,14.92, Chuck Lorre & Eric Kaplan & Maria Ferrari, Chuck Lorre & Eric Kaplan & Maria Ferrari,11,,,,,,,,,1822,7.3
245,246,15,Mark Cendrowski,14.69, Steve Holland & Andy Gordon & Adam Faberman, Steve Holland & Andy Gordon & Adam Faberman,11,,,,,,,,,1775,7.5
246,247,16,Gay Linvill,13.75, Eric Kaplan & Maria Ferrari & Anthony Del Broccolo, Eric Kaplan & Maria Ferrari & Anthony Del Broccolo,11,,,,,,,,,1715,7.1
247,248,17,Mark Cendrowski,13.88, Steve Holland & Steven Molaro & Tara Hernandez, Steve Holland & Steven Molaro & Tara Hernandez,11,,,,,,,,,1735,6.9
248,249,18,Mark Cendrowski,13.26, Eric Kaplan & Maria Ferrari & Andy Gordon, Eric Kaplan & Maria Ferrari & Andy Gordon,11,,,,,,,,,1749,7.2
249,250,19,Mark Cendrowski,13.0, Steve Holland & Jeremy Howe & Trevor Alper, Steve Holland & Jeremy Howe & Trevor Alper,11,,,,,,,,,1710,7.3
250,251,20,Mark Cendrowski,12.77, Maria Ferrari & Anthony Del Broccolo & Tara Hernandez, Maria Ferrari & Anthony Del Broccolo & Tara Hernandez,11,,,,,,,,,1710,7.2
251,252,21,Mark Cendrowski,12.91, Steve Holland & Bill Prady & Eric Kaplan, Steve Holland & Bill Prady & Eric Kaplan,11,,,,,,,,,1703,7.5
252,253,22,Nikki Lorre,11.79, Dave Goetsch & Maria Ferrari & Tara Hernandez, Dave Goetsch & Maria Ferrari & Tara Hernandez,11,,,,,,,,,1675,7.3
253,254,23,Mark Cendrowski,12.93, Steve Holland & Eric Kaplan & Anthony Del Broccolo, Steve Holland & Eric Kaplan & Anthony Del Broccolo,11,,,,,,,,,1797,7.8
254,255,24,Mark Cendrowski,15.51, Chuck Lorre & Steven Molaro & Maria Ferrari, Chuck Lorre & Steven Molaro & Maria Ferrari,11,,,,,,,,,3137,9.0
255,256,1,Mark Cendrowski,12.92, Chuck Lorre & Eric Kaplan & Tara Hernandez, Chuck Lorre & Eric Kaplan & Tara Hernandez,12,,,,,,,,,2062,7.3
256,257,2,Mark Cendrowski,12.04, Steve Holland & Steven Molaro & Maria Ferrari, Steve Holland & Steven Molaro & Maria Ferrari,12,,,,,,,,,1933,7.7
257,258,3,Mark Cendrowski,12.29, Chuck Lorre & Tara Hernandez & Adam Faberman, Chuck Lorre & Tara Hernandez & Adam Faberman,12,,,,,,,,,1845,7.2
258,259,4,Mark Cendrowski,12.94, Steve Holland & Steven Molaro & Maria Ferrari, Steve Holland & Steven Molaro & Maria Ferrari,12,,,,,,,,,1780,7.1
259,260,5,Mark Cendrowski,12.22, Eric Kaplan & Andy Gordon & Alex Ayers, Eric Kaplan & Andy Gordon & Alex Ayers,12,,,,,,,,,1776,6.8
260,261,6,Mark Cendrowski,12.99, Steve Holland & Maria Ferrari & Tara Hernandez, Steve Holland & Maria Ferrari & Tara Hernandez,12,,,,,,,,,2185,8.3
261,262,7,Mark Cendrowski,12.64, Eric Kaplan & Anthony Del Broccolo & Alex Yonks, Eric Kaplan & Anthony Del Broccolo & Alex Yonks,12,,,,,,,,,1748,7.4
262,263,8,Mark Cendrowski,12.85, Chuck Lorre & Steve Holland & Maria Ferrari, Chuck Lorre & Steve Holland & Maria Ferrari,12,,,,,,,,,1775,7.4
263,264,9,Kristy Cecil,12.56, Eric Kaplan & Tara Hernandez & Jeremy Howe, Eric Kaplan & Tara Hernandez & Jeremy Howe,12,,,,,,,,,1756,7.3
264,265,10,Mark Cendrowski,12.52, Steve Holland & Steven Molaro & Bill Prady, Steve Holland & Steven Molaro & Bill Prady,12,,,,,,,,,1806,7.5
265,266,11,Mark Cendrowski,12.8, Maria Ferrari & Tara Hernandez & Adam Faberman, Maria Ferrari & Tara Hernandez & Adam Faberman,12,,,,,,,,,1734,7.3
266,267,12,Mark Cendrowski,13.53, Chuck Lorre & Steve Holland & Jeremy Howe, Chuck Lorre & Steve Holland & Jeremy Howe,12,,,,,,,,,1694,7.2
267,268,13,Mark Cendrowski,13.32, Eric Kaplan & Andy Gordon & Anthony Del Broccolo, Eric Kaplan & Andy Gordon & Anthony Del Broccolo,12,,,,,,,,,1706,7.2
268,269,14,Mark Cendrowski,13.66, Chuck Lorre & Steve Holland & Maria Ferrari, Chuck Lorre & Steve Holland & Maria Ferrari,12,,,,,,,,,1697,7.1
269,270,15,Mark Cendrowski,13.97, Bill Prady & Jeremy Howe & Adam Faberman, Bill Prady & Jeremy Howe & Adam Faberman,12,,,,,,,,,1743,7.5
270,271,16,Mark Cendrowski,13.48, Steve Holland & Maria Ferrari & Anthony Del Broccolo, Steve Holland & Maria Ferrari & Anthony Del Broccolo,12,,,,,,,,,1923,8.0
271,272,17,Mark Cendrowski,12.99, Chuck Lorre & Steven Molaro & Eric Kaplan, Chuck Lorre & Steven Molaro & Eric Kaplan,12,,,,,,,,,1691,7.1
272,273,18,Mark Cendrowski,12.22, Steve Holland & Adam Faberman & David Saltzberg, Steve Holland & Adam Faberman & David Saltzberg,12,,,,,,,,,1655,7.2
273,274,19,Mark Cendrowski,11.44, Eric Kaplan & Maria Ferrari & Andy Gordon, Eric Kaplan & Maria Ferrari & Andy Gordon,12,,,,,,,,,1670,7.0
274,275,20,Mark Cendrowski,11.84, Steven Molaro & Steve Holland & Tara Hernandez, Steven Molaro & Steve Holland & Tara Hernandez,12,,,,,,,,,1659,7.2
275,276,21,Nikki Lorre,12.48, Eric Kaplan & Maria Ferrari & Adam Faberman, Eric Kaplan & Maria Ferrari & Adam Faberman,12,,,,,,,,,1702,7.3
276,277,22,Kristy Cecil,12.59, Steve Holland & Eric Kaplan & Jeremy Howe, Steve Holland & Eric Kaplan & Jeremy Howe,12,,,,,,,,,2144,8.1
277,278,23,Mark Cendrowski,18.52,collaboration,collaboration,12,,,,,,,,,3945,9.2
278,279,24,Mark Cendrowski,18.52,collaboration,collaboration,12,,,,,,,,,7609,9.6
